category,capability,lyte_evidence,comparison_subject,comparison_basis,source_reference,result_label,measured_value,unit,source_revision,fixture_sha256,limitations
business_observability_benchmark,Time to first source,benchmarks/observability/fixtures/checkout-observability-v1.json; lyte/demo.py; lyte/api/routes_entities.py; lyte/api/routes_ask.py,predeclared open Lyte acceptance gate,MEASURED,benchmarks/observability/targets.json,MEASURED_PARITY,1427.3603,ms,f7b6d012c83c2c5fcbe83565bd999af860f5280f,bf35189a0845adb7ba8d5fe2c6599432debfa10a47ff0a52aea64e798a50ef59,"In-process FastAPI TestClient and local SQLite are measured; network, proxy, and PostgreSQL costs are excluded. | The dataset is the public synthetic SAMPLE fixture, not production telemetry."
business_observability_benchmark,Time to first useful service view,benchmarks/observability/fixtures/checkout-observability-v1.json; lyte/demo.py; lyte/api/routes_entities.py; lyte/api/routes_ask.py,predeclared open Lyte acceptance gate,MEASURED,benchmarks/observability/targets.json,MEASURED_PARITY,1446.2307,ms,f7b6d012c83c2c5fcbe83565bd999af860f5280f,bf35189a0845adb7ba8d5fe2c6599432debfa10a47ff0a52aea64e798a50ef59,"In-process FastAPI TestClient and local SQLite are measured; network, proxy, and PostgreSQL costs are excluded. | The dataset is the public synthetic SAMPLE fixture, not production telemetry."
business_observability_benchmark,Time to map a service to a business outcome,benchmarks/observability/fixtures/checkout-observability-v1.json; lyte/demo.py; lyte/api/routes_entities.py; lyte/api/routes_ask.py,predeclared open Lyte acceptance gate,MEASURED,benchmarks/observability/targets.json,MEASURED_PARITY,19.9144,ms,f7b6d012c83c2c5fcbe83565bd999af860f5280f,bf35189a0845adb7ba8d5fe2c6599432debfa10a47ff0a52aea64e798a50ef59,"In-process FastAPI TestClient and local SQLite are measured; network, proxy, and PostgreSQL costs are excluded. | The dataset is the public synthetic SAMPLE fixture, not production telemetry."
business_observability_benchmark,Time to explain an incident with evidence,benchmarks/observability/fixtures/checkout-observability-v1.json; lyte/demo.py; lyte/api/routes_entities.py; lyte/api/routes_ask.py,predeclared open Lyte acceptance gate,MEASURED,benchmarks/observability/targets.json,MEASURED_PARITY,17.1948,ms,f7b6d012c83c2c5fcbe83565bd999af860f5280f,bf35189a0845adb7ba8d5fe2c6599432debfa10a47ff0a52aea64e798a50ef59,"In-process FastAPI TestClient and local SQLite are measured; network, proxy, and PostgreSQL costs are excluded. | The dataset is the public synthetic SAMPLE fixture, not production telemetry."
business_observability_benchmark,Time to replay a decision,benchmarks/observability/fixtures/checkout-observability-v1.json; lyte/demo.py; lyte/api/routes_entities.py; lyte/api/routes_ask.py,predeclared open Lyte acceptance gate,MEASURED,benchmarks/observability/targets.json,MEASURED_PARITY,9.2661,ms,f7b6d012c83c2c5fcbe83565bd999af860f5280f,bf35189a0845adb7ba8d5fe2c6599432debfa10a47ff0a52aea64e798a50ef59,"In-process FastAPI TestClient and local SQLite are measured; network, proxy, and PostgreSQL costs are excluded. | The dataset is the public synthetic SAMPLE fixture, not production telemetry."
business_observability_benchmark,Receipt completeness,lyte/api/responses.py; lyte/api/routes_health.py; lyte/domain/receipts.py; runtime API responses from the open fixture,predeclared open Lyte acceptance gate,MEASURED,benchmarks/observability/targets.json,MEASURED_PARITY,100.0,percent,f7b6d012c83c2c5fcbe83565bd999af860f5280f,bf35189a0845adb7ba8d5fe2c6599432debfa10a47ff0a52aea64e798a50ef59,"In-process FastAPI TestClient and local SQLite are measured; network, proxy, and PostgreSQL costs are excluded. | The dataset is the public synthetic SAMPLE fixture, not production telemetry. | artifacts are evaluated after ingest"
business_observability_benchmark,Truth-label completeness,lyte/api/responses.py; lyte/api/routes_health.py; lyte/domain/receipts.py; runtime API responses from the open fixture,predeclared open Lyte acceptance gate,MEASURED,benchmarks/observability/targets.json,MEASURED_PARITY,100.0,percent,f7b6d012c83c2c5fcbe83565bd999af860f5280f,bf35189a0845adb7ba8d5fe2c6599432debfa10a47ff0a52aea64e798a50ef59,"In-process FastAPI TestClient and local SQLite are measured; network, proxy, and PostgreSQL costs are excluded. | The dataset is the public synthetic SAMPLE fixture, not production telemetry. | only explicitly enumerated benchmark response contract points are in the denominator"
business_observability_benchmark,Source-binding completeness,lyte/api/responses.py; lyte/api/routes_health.py; lyte/domain/receipts.py; runtime API responses from the open fixture,predeclared open Lyte acceptance gate,MEASURED,benchmarks/observability/targets.json,MEASURED_PARITY,100.0,percent,f7b6d012c83c2c5fcbe83565bd999af860f5280f,bf35189a0845adb7ba8d5fe2c6599432debfa10a47ff0a52aea64e798a50ef59,"In-process FastAPI TestClient and local SQLite are measured; network, proxy, and PostgreSQL costs are excluded. | The dataset is the public synthetic SAMPLE fixture, not production telemetry. | the exact source revision is injected into the isolated test runtime and does not prove a deployed artifact"
business_observability_benchmark,Query latency,lyte/api/routes_entities.py; runtime API responses from the open fixture,predeclared open Lyte acceptance gate,MEASURED,benchmarks/observability/targets.json,MEASURED_PARITY,5.3242,ms,f7b6d012c83c2c5fcbe83565bd999af860f5280f,bf35189a0845adb7ba8d5fe2c6599432debfa10a47ff0a52aea64e798a50ef59,"In-process FastAPI TestClient and local SQLite are measured; network, proxy, and PostgreSQL costs are excluded. | The dataset is the public synthetic SAMPLE fixture, not production telemetry."
business_observability_benchmark,Ingest throughput,benchmarks/observability/fixtures/checkout-observability-v1.json; lyte/connectors/otlp_http.py; lyte/api/routes_ingest.py,predeclared open Lyte acceptance gate,MEASURED,benchmarks/observability/targets.json,MEASURED_PARITY,675.441553,records/s,f7b6d012c83c2c5fcbe83565bd999af860f5280f,bf35189a0845adb7ba8d5fe2c6599432debfa10a47ff0a52aea64e798a50ef59,"In-process FastAPI TestClient and local SQLite are measured; network, proxy, and PostgreSQL costs are excluded. | The dataset is the public synthetic SAMPLE fixture, not production telemetry."
business_observability_benchmark,Storage growth,temporary SQLite benchmark database; lyte/persistence/models.py,predeclared open Lyte acceptance gate,MEASURED,benchmarks/observability/targets.json,MEASURED_PARITY,2068.48,bytes/record,f7b6d012c83c2c5fcbe83565bd999af860f5280f,bf35189a0845adb7ba8d5fe2c6599432debfa10a47ff0a52aea64e798a50ef59,"In-process FastAPI TestClient and local SQLite are measured; network, proxy, and PostgreSQL costs are excluded. | The dataset is the public synthetic SAMPLE fixture, not production telemetry. | SQLite page allocation and receipt/projection overhead are included; PostgreSQL storage behavior is not inferred."
business_observability_benchmark,UI keyboard completion,C:\Users\steph\Documents\Codex\2026-09-04\get-this-fuully-oeprational-and-real\work\lyte-services\artifacts\benchmarks\browser\lyte-ui-responsive.json; C:/Users/steph/Documents/Codex/2026-09-04/get-this-fuully-oeprational-and-real/work/lyte-services/artifacts/benchmarks/browser/screenshots/lyte-320x568.png; C:/Users/steph/Documents/Codex/2026-09-04/get-this-fuully-oeprational-and-real/work/lyte-services/artifacts/benchmarks/browser/screenshots/lyte-375x812.png; C:/Users/steph/Documents/Codex/2026-09-04/get-this-fuully-oeprational-and-real/work/lyte-services/artifacts/benchmarks/browser/screenshots/lyte-430x932.png; C:/Users/steph/Documents/Codex/2026-09-04/get-this-fuully-oeprational-and-real/work/lyte-services/artifacts/benchmarks/browser/screenshots/lyte-768x1024.png; C:/Users/steph/Documents/Codex/2026-09-04/get-this-fuully-oeprational-and-real/work/lyte-services/artifacts/benchmarks/browser/screenshots/lyte-1024x768.png; C:/Users/steph/Documents/Codex/2026-09-04/get-this-fuully-oeprational-and-real/work/lyte-services/artifacts/benchmarks/browser/screenshots/lyte-1440x900.png; C:/Users/steph/Documents/Codex/2026-09-04/get-this-fuully-oeprational-and-real/work/lyte-services/artifacts/benchmarks/browser/screenshots/lyte-1920x1080.png,predeclared open Lyte acceptance gate,MEASURED,benchmarks/observability/targets.json,MEASURED_PARITY,1.0,completed,f7b6d012c83c2c5fcbe83565bd999af860f5280f,bf35189a0845adb7ba8d5fe2c6599432debfa10a47ff0a52aea64e798a50ef59,This run covers one Chromium implementation; Safari and Firefox are not inferred. | Forced-colors and reduced-motion support remain separately checked by static contract tests unless those OS preferences are active for this browser run. | Screenshots contain the public SAMPLE / MODELED scenario and no customer telemetry.
business_observability_benchmark,Mobile overflow,C:\Users\steph\Documents\Codex\2026-09-04\get-this-fuully-oeprational-and-real\work\lyte-services\artifacts\benchmarks\browser\lyte-ui-responsive.json; C:/Users/steph/Documents/Codex/2026-09-04/get-this-fuully-oeprational-and-real/work/lyte-services/artifacts/benchmarks/browser/screenshots/lyte-320x568.png; C:/Users/steph/Documents/Codex/2026-09-04/get-this-fuully-oeprational-and-real/work/lyte-services/artifacts/benchmarks/browser/screenshots/lyte-375x812.png; C:/Users/steph/Documents/Codex/2026-09-04/get-this-fuully-oeprational-and-real/work/lyte-services/artifacts/benchmarks/browser/screenshots/lyte-430x932.png; C:/Users/steph/Documents/Codex/2026-09-04/get-this-fuully-oeprational-and-real/work/lyte-services/artifacts/benchmarks/browser/screenshots/lyte-768x1024.png; C:/Users/steph/Documents/Codex/2026-09-04/get-this-fuully-oeprational-and-real/work/lyte-services/artifacts/benchmarks/browser/screenshots/lyte-1024x768.png; C:/Users/steph/Documents/Codex/2026-09-04/get-this-fuully-oeprational-and-real/work/lyte-services/artifacts/benchmarks/browser/screenshots/lyte-1440x900.png; C:/Users/steph/Documents/Codex/2026-09-04/get-this-fuully-oeprational-and-real/work/lyte-services/artifacts/benchmarks/browser/screenshots/lyte-1920x1080.png,predeclared open Lyte acceptance gate,MEASURED,benchmarks/observability/targets.json,MEASURED_PARITY,0.0,overflow_px,f7b6d012c83c2c5fcbe83565bd999af860f5280f,bf35189a0845adb7ba8d5fe2c6599432debfa10a47ff0a52aea64e798a50ef59,This run covers one Chromium implementation; Safari and Firefox are not inferred. | Forced-colors and reduced-motion support remain separately checked by static contract tests unless those OS preferences are active for this browser run. | Screenshots contain the public SAMPLE / MODELED scenario and no customer telemetry.
business_observability_benchmark,Bundle size,lyte/ui/index.html; lyte/ui/styles.css; lyte/ui/app.js,predeclared open Lyte acceptance gate,MEASURED,benchmarks/observability/targets.json,MEASURED_PARITY,29353,gzip_bytes,f7b6d012c83c2c5fcbe83565bd999af860f5280f,bf35189a0845adb7ba8d5fe2c6599432debfa10a47ff0a52aea64e798a50ef59,Dependency closure and container image layers are outside this frontend bundle scope.
business_observability_benchmark,Resource consumption,operating-system process counters; Python process_time and perf_counter,predeclared open Lyte acceptance gate,MEASURED,benchmarks/observability/targets.json,MEASURED_PARITY,"{""cpu_time_seconds"":1.28125,""measurement_boundary"":""one runner process including fixture startup repetitions, query workload, OTLP ingest, SQLite persistence, and artifact preparation"",""peak_rss_before_bytes"":80134144,""peak_rss_before_method"":""Windows PeakWorkingSetSize"",""peak_rss_bytes"":91734016,""peak_rss_method"":""Windows PeakWorkingSetSize"",""wall_time_seconds"":2.7540482}",mixed,f7b6d012c83c2c5fcbe83565bd999af860f5280f,bf35189a0845adb7ba8d5fe2c6599432debfa10a47ff0a52aea64e798a50ef59,"Peak RSS is process-lifetime high-water memory, not an isolated per-request sample. | CPU and wall time include benchmark orchestration, application startup, queries, and ingest; host background load is not controlled. | Container and whole-host resources are not inferred from this process measurement."
